<?xml version="1.0" encoding="UTF-8"?>
<project-private xmlns="http://www.netbeans.org/ns/project-private/1">
    <editor-bookmarks xmlns="http://www.netbeans.org/ns/editor-bookmarks/2" lastBookmarkId="0"/>
    <open-files xmlns="http://www.netbeans.org/ns/projectui-open-files/2">
        <group>
            <file>file:/C:/Users/eyehalcon97/Desktop/UGR/SMM/practica2/SMM.MOH.Biblioteca/src/smm/moh/imagen/UmbralizacionOp.java</file>
            <file>file:/C:/Users/eyehalcon97/Desktop/UGR/SMM/practica2/SMM.MOH.Biblioteca/src/smm/moh/imagen/NegativoOp.java</file>
            <file>file:/C:/Users/eyehalcon97/Desktop/UGR/SMM/practica2/SMM.MOH.Biblioteca/src/smm/moh/iu/LienzoImagen2D.java</file>
            <file>file:/C:/Users/eyehalcon97/Desktop/UGR/SMM/practica2/SMM.MOH.Biblioteca/src/smm/moh/imagen/SepiaOp.java</file>
            <file>file:/C:/Users/eyehalcon97/Desktop/UGR/SMM/practica2/SMM.MOH.Biblioteca/src/smm/moh/graficos/MiRectangularShape.java</file>
            <file>file:/C:/Users/eyehalcon97/Desktop/UGR/SMM/practica2/SMM.MOH.Biblioteca/src/smm/moh/iu/Formas.java</file>
            <file>file:/C:/Users/eyehalcon97/Desktop/UGR/SMM/practica2/SMM.MOH.Biblioteca/src/smm/moh/graficos/MiFigura.java</file>
            <file>file:/C:/Users/eyehalcon97/Desktop/UGR/SMM/practica2/SMM.MOH.Biblioteca/src/smm/moh/iu/Lienzo2D.java</file>
            <file>file:/C:/Users/eyehalcon97/Desktop/UGR/SMM/practica2/SMM.MOH.Biblioteca/src/smm/moh/graficos/MiLinea.java</file>
            <file>file:/C:/Users/eyehalcon97/Desktop/UGR/SMM/practica2/SMM.MOH.Biblioteca/src/smm/moh/graficos/MiRectangulo.java</file>
            <file>file:/C:/Users/eyehalcon97/Desktop/UGR/SMM/practica2/SMM.MOH.Biblioteca/src/smm/moh/graficos/MiElipse.java</file>
            <file>file:/C:/Users/eyehalcon97/Desktop/UGR/SMM/practica2/SMM.MOH.Biblioteca/src/smm/moh/graficos/MiString.java</file>
            <file>file:/C:/Users/eyehalcon97/Desktop/UGR/SMM/practica2/SMM.MOH.Biblioteca/src/smm/moh/audio/ManejadorAudio.java</file>
            <file>file:/C:/Users/eyehalcon97/Desktop/UGR/SMM/practica2/SMM.MOH.Biblioteca/src/smm/moh/imagen/RandomOp.java</file>
        </group>
    </open-files>
</project-private>
