<?xml version="1.0" encoding="UTF-8"?>
<project-private xmlns="http://www.netbeans.org/ns/project-private/1">
    <editor-bookmarks xmlns="http://www.netbeans.org/ns/editor-bookmarks/2" lastBookmarkId="0"/>
    <open-files xmlns="http://www.netbeans.org/ns/projectui-open-files/2">
        <group>
            <file>file:/C:/Users/eyehalcon97/Desktop/SMM/practica2/SMM.MOH.Biblioteca/src/smm/moh/iu/frame.java</file>
            <file>file:/C:/Users/eyehalcon97/Desktop/SMM/practica2/SMM.MOH.Biblioteca/src/smm/moh/graficos/Lienzo2D.java</file>
            <file>file:/C:/Users/eyehalcon97/Desktop/SMM/practica2/SMM.MOH.Biblioteca/src/smm/moh/graficos/JDesktopPanel.java</file>
            <file>file:/C:/Users/eyehalcon97/Desktop/SMM/practica2/SMM.MOH.Biblioteca/src/smm/moh/graficos/MiLinea.java</file>
        </group>
    </open-files>
</project-private>
